rule_id,abnormality,band_pattern,cause,priority,positive_control,negative_control,template_condition,annealing_temp_condition,text_hint,required_fields,base_score,evidence_text,suggestion,enabled
R001,无条带,no_band,模板量不足,80,正常,无带,偏低,any,any,positive_control|negative_control|template_condition,75,样本无目标带且对照有效并有模板输入不足线索，支持先核查模板实际输入量,核对模板浓度及反应总体积后按课程方案调整输入量并复测,1
R002,无条带,no_band,模板质量差或含抑制物,82,正常,无带,降解或不纯,any,any,positive_control|negative_control|template_condition,76,对照有效而样本无带并有模板降解或抑制物线索，支持模板质量问题,检测模板完整性与纯度并尝试稀释或重新纯化后复测,1
R003,any,any,PCR体系漏加或关键试剂失活,95,无带,any,any,any,漏加试剂,positive_control|text_hint,84,阳性对照无带且已确认关键试剂漏加，支持反应体系配制错误,按配制记录核对缺失组分并用新配体系及阳性对照复测,1
R004,any,any,PCR体系漏加或关键试剂失活,88,弱带,any,any,any,漏加试剂,positive_control|text_hint,74,阳性对照明显偏弱且已确认试剂漏加，需核查体系配制和组分活性,重新配制体系并对照试剂清单逐项核查,1
R005,无条带,no_band,退火温度过高,75,正常,无带,any,偏高,any,positive_control|negative_control|annealing_temp_condition,72,对照有效而样本无带且退火温度相对方案偏高，可能降低引物结合效率,依据引物Tm及所用聚合酶说明进行梯度退火验证,1
R006,无条带,no_band,引物与靶序列匹配问题,74,正常,无带,any,any,引物问题,positive_control|negative_control|text_hint,68,对照有效而样本无带并有引物问题线索，需核对靶序列与引物结合位点,核对引物序列及目标模板并用已验证引物作平行对照,1
R007,条带弱,weak,模板量不足,82,正常,无带,偏低,any,any,positive_control|negative_control|template_condition,75,对照有效且样本条带弱并有模板输入不足线索，支持模板量不足,先测定模板浓度再按反应方案调整输入量,1
R008,条带弱,weak,模板质量差或含抑制物,84,正常,无带,降解或不纯,any,any,positive_control|negative_control|template_condition,75,对照有效而样本弱带且有模板质量线索，提示降解或抑制物影响,检查模板纯度并设置稀释模板平行反应,1
R009,条带弱,weak,退火温度过高,74,正常,无带,any,偏高,any,positive_control|negative_control|annealing_temp_condition,70,样本弱带且退火温度相对推荐条件偏高，可能使扩增效率下降,以引物Tm和酶说明为基准做小范围梯度优化,1
R010,条带弱,weak,循环参数不合适,70,正常,无带,any,any,循环偏少,positive_control|negative_control|text_hint,64,样本弱带且操作记录确认循环次数低于本实验方案，可能影响产量,核对课程方案的循环设置后在其他条件不变时复测,1
R011,条带弱,weak,电泳或上样问题,72,正常,无带,any,any,上样不足,positive_control|negative_control|text_hint,68,扩增对照正常且已确认上样不足，弱带也可能来自检测步骤,核对同批次上样体积与染色成像条件后重跑凝胶,1
R012,多条带或非特异扩增,multiple,退火温度过低,83,正常,无带,any,偏低,any,positive_control|negative_control|annealing_temp_condition,76,对照有效而样本多带且退火温度相对方案偏低，支持非特异结合增加,结合引物Tm及酶说明逐步提高退火温度并复测,1
R013,多条带或非特异扩增,multiple,引物特异性不足,86,正常,无带,any,any,引物问题,positive_control|negative_control|text_hint,73,样本多带且引物设计或靶序列匹配存疑，支持检查非特异扩增位点,核对引物与目标序列并检查潜在非特异结合和引物互补,1
R014,多条带或非特异扩增,multiple,循环参数不合适,70,正常,无带,any,any,循环偏多,positive_control|negative_control|text_hint,65,循环次数高于既定方案可能放大弱的非特异产物,回到既定循环数并与原条件平行比较,1
R015,条带大小不对,unexpected_size,引物特异性不足,88,正常,无带,any,any,引物问题,positive_control|negative_control|text_hint,73,目标带大小偏离预期且存在引物问题线索，需考虑非目标位点扩增,核对引物序列及理论扩增片段并用测序或特异性验证确认,1
R016,条带拖尾或弥散,smear,模板质量差或含抑制物,82,正常,无带,降解或不纯,any,any,positive_control|negative_control|template_condition,73,样本拖尾且有模板降解或不纯线索，可能同时影响扩增与电泳图像,检查原始模板完整性并尝试纯化或稀释后复测,1
R017,条带拖尾或弥散,smear,电泳或上样问题,78,正常,无带,any,any,电泳问题|上样过量,positive_control|negative_control|text_hint,73,对照正常而样本拖尾且存在电泳或上样异常线索，需先检查检测环节,检查样本盐浓度及上样量并核对凝胶缓冲液和电压,1
R018,any,any,污染,100,any,目标大小相近带,any,any,any,negative_control,84,无模板阴性对照出现接近目标大小的条带，污染风险较高但仍需重复验证,用新配试剂和独立工作区重复阴性对照并核查扩增产物污染来源,1
R019,any,any,引物二聚体或短片段非特异扩增,88,any,小片段带,any,any,any,negative_control,80,无模板阴性对照仅出现明显小于目标的短片段，较符合引物二聚体或短片段非特异产物,比较Marker位置并优化引物设计和反应条件后复测,1
R020,any,any,阴性对照异常背景待核查,75,any,拖尾或弥散,any,any,any,negative_control,61,无模板阴性对照为拖尾或弥散，尚不能单凭形态定为目标产物污染,复核原图并检查引物伪产物和电泳背景后重做阴性对照,1
R021,any,any,阳性对照失败（体系或程序待排查）,100,无带,any,any,any,any,positive_control,78,阳性对照完全无带，当前批次的阴性样本结果不能据此可靠归因,先核对阳性模板及反应组分和热循环程序并恢复对照后再判样本,1
R022,any,any,退火温度过高,68,无带,any,any,偏高,any,positive_control|annealing_temp_condition,71,阳性对照无带且退火温度相对该引物或酶的推荐条件偏高，可作为待验证原因,按引物Tm和聚合酶说明复核程序并用阳性对照做梯度验证,1
R023,any,any,阳性对照扩增偏弱（体系或程序待排查）,75,弱带,any,any,any,any,positive_control,67,阳性对照明显弱带提示该批次反应效率不足，不能只归因于样本模板,核对阳性模板质量与配液和程序后重跑阳性对照,1
R024,条带弱,weak,引物与靶序列匹配问题,72,正常,无带,any,any,引物问题,positive_control|negative_control|text_hint,68,样本弱带且有引物匹配问题线索，需检查靶序列变异或引物状态,核对引物序列与靶位点并与已验证引物作平行比较,1
R025,条带畸形,distorted,上样量过高或样品盐分过高,78,any,any,any,any,上样过量,abnormality|text_hint,73,条带变宽或横向扩散且确认上样过量，支持先排查上样和样品盐分,减少上样量并与适量稀释样品平行比较,1
R026,条带大小不对,unexpected_size,Marker判读或凝胶迁移异常,70,any,any,any,any,Marker异常,abnormality|text_hint,72,分子量标准异常会使条带大小判读失准，需先校验参照泳道,重新核对Marker型号和泳道并用新凝胶复核迁移位置,1
R027,条带畸形,distorted,凝胶或电泳条件异常,80,any,any,any,any,电泳问题,abnormality|text_hint,73,条带弯曲或泳道歪斜且存在电泳异常线索，支持核查凝胶和运行条件,检查凝胶凝固与水平状态以及缓冲液和电压设置,1
R028,无条带,no_band,样本扩增失败（需核查模板与靶序列）,50,正常,无带,any,any,any,positive_control|negative_control,52,阳性对照正常而样本无目标带，只能初步定位于样本或靶序列相关因素,先核对模板来源与质量及目标序列再结合进一步证据区分具体原因,1
R029,条带弱,weak,扩增产量偏低（原因待核查）,50,正常,无带,any,any,any,positive_control|negative_control,50,对照有效而样本弱带，仍需区分扩增效率与上样检测因素,复核模板质量和上样量并对照本实验方案逐项排查,1
R030,多条带或非特异扩增,multiple,非特异性扩增（原因待核查）,50,正常,无带,any,any,any,positive_control|negative_control,52,对照有效而样本多带，尚不能仅凭图像归因于退火温度或引物设计,结合引物特异性和方案参数进行梯度验证,1
R031,条带大小不对,unexpected_size,产物大小异常（需核对Marker和引物）,50,正常,无带,any,any,any,positive_control|negative_control,52,样本带与预期大小不符，需先排除Marker读错并核对理论片段长度,核对Marker与预期产物长度后验证引物及目标序列,1
R032,条带拖尾或弥散,smear,拖尾或弥散（扩增与电泳因素待区分）,50,正常,无带,any,any,any,positive_control|negative_control,50,样本拖尾既可能来自扩增产物也可能来自盐分和电泳条件，现有信息不足以区分,比较同胶其他泳道并检查模板质量和上样及电泳条件,1
R033,条带畸形,distorted,条带畸形（需核查上样和电泳）,48,any,any,any,any,any,abnormality,48,条带形态异常但缺少具体运行证据，暂不能定位单一原因,检查同胶各泳道形态及上样和凝胶运行记录,1
R034,any,any,阴性对照有带（待区分污染与引物二聚体）,70,any,有带待分型,any,any,any,negative_control,60,阴性对照被记录为有带但尚未确认条带相对目标的位置，不宜直接判为污染,先与Marker和目标片段比较大小再区分污染与引物二聚体,1
R035,any,any,阳性对照异常（需核对条带与扩增条件）,70,异常待分型,any,any,any,any,positive_control,62,阳性对照被记录为异常但未区分无带和弱带，样本诊断可靠性受限,先确认阳性对照是完全无带还是弱带再检查体系和程序,1
R036,多条带或非特异扩增,multiple,PCR模板输入过量,72,正常,无带,偏高,any,any,positive_control|negative_control|template_condition,70,对照有效而样本多带并确认模板实际输入过量，可能增加非特异扩增,按方案核对模板浓度与反应总体积后降低模板输入并复测,1
R037,条带拖尾或弥散,smear,PCR模板输入过量,68,正常,无带,偏高,any,any,positive_control|negative_control|template_condition,67,样本拖尾且确认模板实际输入过量，需与上样过量和模板降解区分,按方案调低模板输入并保持上样量不变进行比较,1
R038,无条带,no_band,电泳或上样问题,68,正常,无带,any,any,上样不足,positive_control|negative_control|text_hint,67,样本无带而阳性对照可见且确认样本上样不足，检测步骤可能解释现象,核对样本上样记录并在同胶重复上样以验证,1
R039,阴性对照有带,any,对照记录矛盾（需复核原图）,90,any,无带,any,any,any,abnormality|negative_control,69,异常类型写为阴性对照有带但对照结果填写无带，两项记录互相矛盾,核对凝胶原图并修正阴性对照观察结果后再诊断,1
R040,阳性对照无带,no_band,对照记录矛盾（需复核原图）,90,正常,any,any,any,any,abnormality|positive_control,69,异常类型写为阳性对照无带但阳性对照填写正常，两项记录互相矛盾,核对凝胶原图并修正阳性对照观察结果后再诊断,1
